image_path,product_id,category,color
data/images/1.jpg,tshirt_1,tshirt,green
data/images/2.jpg,tshirt_2,tshirt,red
data/images/3.jpg,tshirt_3,tshirt,black
data/images/4.jpg,tshirt_4,tshirt,red
data/images/5.jpg,tshirt_5,tshirt,red
data/images/6.jpg,tshirt_6,tshirt,green
data/images/7.jpg,tshirt_7,tshirt,black
data/images/8.jpg,tshirt_8,tshirt,black
data/images/9.jpg,tshirt_9,tshirt,black
data/images/10.jpg,tshirt_10,tshirt,green
data/images/11.jpg,tshirt_11,tshirt,black
data/images/12.jpg,tshirt_12,tshirt,blue
data/images/13.jpg,tshirt_13,tshirt,red
data/images/14.jpg,tshirt_14,tshirt,red
data/images/15.jpg,tshirt_15,tshirt,white
data/images/16.jpg,tshirt_16,tshirt,green
data/images/17.jpg,tshirt_17,tshirt,red
data/images/18.jpg,tshirt_18,tshirt,red
data/images/19.jpg,tshirt_19,tshirt,white
data/images/20.jpg,tshirt_20,tshirt,black
data/images/21.jpg,tshirt_21,tshirt,white
data/images/22.jpg,tshirt_22,tshirt,white
data/images/23.jpg,tshirt_23,tshirt,red
data/images/24.jpg,tshirt_24,tshirt,red
data/images/25.jpg,tshirt_25,tshirt,green
data/images/26.jpg,tshirt_26,tshirt,green
data/images/27.jpg,tshirt_27,tshirt,red
data/images/28.jpg,tshirt_28,tshirt,black
data/images/29.jpg,tshirt_29,tshirt,white
data/images/30.jpg,tshirt_30,tshirt,red
data/images/31.jpg,tshirt_31,tshirt,white
data/images/32.jpg,tshirt_32,tshirt,green
data/images/33.jpg,tshirt_33,tshirt,red
data/images/34.jpg,tshirt_34,tshirt,white
data/images/35.jpg,tshirt_35,tshirt,black
data/images/36.jpg,tshirt_36,tshirt,green
data/images/37.jpg,tshirt_37,tshirt,blue
data/images/38.jpg,tshirt_38,tshirt,blue
data/images/39.jpg,tshirt_39,tshirt,green
data/images/40.jpg,tshirt_40,tshirt,white
data/images/41.jpg,tshirt_41,tshirt,white
data/images/42.jpg,tshirt_42,tshirt,blue
data/images/43.jpg,tshirt_43,tshirt,green
data/images/44.jpg,tshirt_44,tshirt,green
data/images/45.jpg,tshirt_45,tshirt,black
data/images/46.jpg,tshirt_46,tshirt,black
data/images/47.jpg,tshirt_47,tshirt,white
data/images/48.jpg,tshirt_48,tshirt,blue
data/images/49.jpg,tshirt_49,tshirt,white
data/images/50.jpg,tshirt_50,tshirt,green
data/images/51.jpg,tshirt_51,tshirt,red
data/images/52.jpg,tshirt_52,tshirt,blue
data/images/53.jpg,tshirt_53,tshirt,white
data/images/54.jpg,tshirt_54,tshirt,white
data/images/55.jpg,tshirt_55,tshirt,green
data/images/56.jpg,tshirt_56,tshirt,green
data/images/57.jpg,tshirt_57,tshirt,white
data/images/58.jpg,tshirt_58,tshirt,white
data/images/59.jpg,tshirt_59,tshirt,red
data/images/60.jpg,tshirt_60,tshirt,green
data/images/61.jpg,tshirt_61,tshirt,black
data/images/62.jpg,tshirt_62,tshirt,red
data/images/63.jpg,tshirt_63,tshirt,red
data/images/64.jpg,tshirt_64,tshirt,black
data/images/65.jpg,tshirt_65,tshirt,green
data/images/66.jpg,tshirt_66,tshirt,green
data/images/67.jpg,tshirt_67,tshirt,white
data/images/68.jpg,tshirt_68,tshirt,white
data/images/69.jpg,tshirt_69,tshirt,black
data/images/70.jpg,tshirt_70,tshirt,blue
data/images/71.jpg,tshirt_71,tshirt,white
data/images/72.jpg,tshirt_72,tshirt,green
data/images/73.jpg,tshirt_73,tshirt,green
data/images/74.jpg,tshirt_74,tshirt,white
data/images/75.jpg,tshirt_75,tshirt,blue
data/images/76.jpg,tshirt_76,tshirt,white
data/images/77.jpg,tshirt_77,tshirt,blue
data/images/78.jpg,tshirt_78,tshirt,black
data/images/79.jpg,tshirt_79,tshirt,green
data/images/80.jpg,tshirt_80,tshirt,white
data/images/81.jpg,tshirt_81,tshirt,black
data/images/82.jpg,tshirt_82,tshirt,green
data/images/83.jpg,tshirt_83,tshirt,green
data/images/84.jpg,tshirt_84,tshirt,green
data/images/85.jpg,tshirt_85,tshirt,black
data/images/86.jpg,tshirt_86,tshirt,red
data/images/87.jpg,tshirt_87,tshirt,blue
data/images/88.jpg,tshirt_88,tshirt,white
data/images/89.jpg,tshirt_89,tshirt,white
data/images/90.jpg,tshirt_90,tshirt,white
data/images/91.jpg,tshirt_91,tshirt,red
data/images/92.jpg,tshirt_92,tshirt,white
data/images/93.jpg,tshirt_93,tshirt,white
data/images/94.jpg,tshirt_94,tshirt,white
data/images/95.jpg,tshirt_95,tshirt,blue
data/images/96.jpg,tshirt_96,tshirt,green
data/images/97.jpg,tshirt_97,tshirt,black
data/images/98.jpg,tshirt_98,tshirt,blue
data/images/99.jpg,tshirt_99,tshirt,blue
data/images/100.jpg,tshirt_100,tshirt,black
data/images/101.jpg,tshirt_101,tshirt,blue
data/images/102.jpg,tshirt_102,tshirt,red
data/images/103.jpg,tshirt_103,tshirt,white
data/images/104.jpg,tshirt_104,tshirt,black
data/images/105.jpg,tshirt_105,tshirt,black
data/images/106.jpg,tshirt_106,tshirt,blue
data/images/107.jpg,tshirt_107,tshirt,black
data/images/108.jpg,tshirt_108,tshirt,black
data/images/109.jpg,tshirt_109,tshirt,red
data/images/110.jpg,tshirt_110,tshirt,white
data/images/111.jpg,tshirt_111,tshirt,green
data/images/112.jpg,tshirt_112,tshirt,white
data/images/113.jpg,tshirt_113,tshirt,red
data/images/114.jpg,tshirt_114,tshirt,red
data/images/115.jpg,tshirt_115,tshirt,red
data/images/116.jpg,tshirt_116,tshirt,green
data/images/117.jpg,tshirt_117,tshirt,blue
data/images/118.jpg,tshirt_118,tshirt,black
data/images/119.jpg,tshirt_119,tshirt,white
data/images/120.jpg,tshirt_120,tshirt,white
data/images/121.jpg,tshirt_121,tshirt,red
data/images/122.jpg,tshirt_122,tshirt,green
data/images/123.jpg,tshirt_123,tshirt,white
data/images/124.jpg,tshirt_124,tshirt,red
data/images/125.jpg,tshirt_125,tshirt,blue
data/images/126.jpg,tshirt_126,tshirt,green
data/images/127.jpg,tshirt_127,tshirt,white
data/images/128.jpg,tshirt_128,tshirt,green
data/images/129.jpg,tshirt_129,tshirt,black
data/images/130.jpg,tshirt_130,tshirt,green
data/images/131.jpg,tshirt_131,tshirt,blue
data/images/132.jpg,tshirt_132,tshirt,red
data/images/133.jpg,tshirt_133,tshirt,white
data/images/134.jpg,tshirt_134,tshirt,red
data/images/135.jpg,tshirt_135,tshirt,red
data/images/136.jpg,tshirt_136,tshirt,black
data/images/137.jpg,tshirt_137,tshirt,white
data/images/138.jpg,tshirt_138,tshirt,red
data/images/139.jpg,tshirt_139,tshirt,white
data/images/140.jpg,tshirt_140,tshirt,blue
data/images/141.jpg,tshirt_141,tshirt,black
data/images/142.jpg,tshirt_142,tshirt,white
data/images/143.jpg,tshirt_143,tshirt,green
data/images/144.jpg,tshirt_144,tshirt,white
data/images/145.jpg,tshirt_145,tshirt,black
data/images/146.jpg,tshirt_146,tshirt,green
data/images/147.jpg,tshirt_147,tshirt,green
data/images/148.jpg,tshirt_148,tshirt,black
data/images/149.jpg,tshirt_149,tshirt,blue
data/images/150.jpg,tshirt_150,tshirt,green
data/images/151.jpg,tshirt_151,tshirt,white
data/images/152.jpg,tshirt_152,tshirt,blue
data/images/153.jpg,tshirt_153,tshirt,black
data/images/154.jpg,tshirt_154,tshirt,white
data/images/155.jpg,tshirt_155,tshirt,blue
data/images/156.jpg,tshirt_156,tshirt,white
data/images/157.jpg,tshirt_157,tshirt,green
data/images/158.jpg,tshirt_158,tshirt,red
data/images/159.jpg,tshirt_159,tshirt,green
data/images/160.jpg,tshirt_160,tshirt,blue
data/images/161.jpg,tshirt_161,tshirt,green
data/images/162.jpg,tshirt_162,tshirt,white
data/images/163.jpg,tshirt_163,tshirt,white
data/images/164.jpg,tshirt_164,tshirt,red
data/images/165.jpg,tshirt_165,tshirt,white
data/images/166.jpg,tshirt_166,tshirt,red
data/images/167.jpg,tshirt_167,tshirt,red
data/images/168.jpg,tshirt_168,tshirt,red
data/images/169.jpg,tshirt_169,tshirt,black
data/images/170.jpg,tshirt_170,tshirt,black
data/images/171.jpg,tshirt_171,tshirt,green
data/images/172.jpg,tshirt_172,tshirt,green
data/images/173.jpg,tshirt_173,tshirt,black
data/images/174.jpg,tshirt_174,tshirt,white
data/images/175.jpg,tshirt_175,tshirt,black
data/images/176.jpg,tshirt_176,tshirt,blue
data/images/177.jpg,tshirt_177,tshirt,red
data/images/178.jpg,tshirt_178,tshirt,green
data/images/179.jpg,tshirt_179,tshirt,blue
data/images/180.jpg,tshirt_180,tshirt,green
data/images/181.jpg,tshirt_181,tshirt,white
data/images/182.jpg,tshirt_182,tshirt,red
data/images/183.jpg,tshirt_183,tshirt,green
data/images/184.jpg,tshirt_184,tshirt,red
data/images/185.jpg,tshirt_185,tshirt,green
data/images/186.jpg,tshirt_186,tshirt,white
data/images/187.jpg,tshirt_187,tshirt,red
data/images/188.jpg,tshirt_188,tshirt,blue
data/images/189.jpg,tshirt_189,tshirt,black
data/images/190.jpg,tshirt_190,tshirt,blue
data/images/191.jpg,tshirt_191,tshirt,blue
data/images/192.jpg,tshirt_192,tshirt,blue
data/images/193.jpg,tshirt_193,tshirt,green
data/images/194.jpg,tshirt_194,tshirt,black
data/images/195.jpg,tshirt_195,tshirt,green
data/images/196.jpg,tshirt_196,tshirt,blue
data/images/197.jpg,tshirt_197,tshirt,green
data/images/198.jpg,tshirt_198,tshirt,black
data/images/199.jpg,tshirt_199,tshirt,green
data/images/200.jpg,tshirt_200,tshirt,black
data/images/201.jpg,tshirt_201,tshirt,green
data/images/202.jpg,tshirt_202,tshirt,blue
data/images/203.jpg,tshirt_203,tshirt,green
data/images/204.jpg,tshirt_204,tshirt,white
data/images/205.jpg,tshirt_205,tshirt,green
data/images/206.jpg,tshirt_206,tshirt,blue
data/images/207.jpg,tshirt_207,tshirt,black
data/images/208.jpg,tshirt_208,tshirt,green
data/images/209.jpg,tshirt_209,tshirt,red
data/images/210.jpg,tshirt_210,tshirt,red
data/images/211.jpg,tshirt_211,tshirt,green
data/images/212.jpg,tshirt_212,tshirt,blue
data/images/213.jpg,tshirt_213,tshirt,blue
data/images/214.jpg,tshirt_214,tshirt,red
data/images/215.jpg,tshirt_215,tshirt,green
data/images/216.jpg,tshirt_216,tshirt,red
data/images/217.jpg,tshirt_217,tshirt,red
data/images/218.jpg,tshirt_218,tshirt,white
data/images/219.jpg,tshirt_219,tshirt,black
data/images/220.jpg,tshirt_220,tshirt,red
data/images/221.jpg,tshirt_221,tshirt,red
data/images/222.jpg,tshirt_222,tshirt,green
data/images/223.jpg,tshirt_223,tshirt,black
data/images/224.jpg,tshirt_224,tshirt,blue
data/images/225.jpg,tshirt_225,tshirt,green
data/images/226.jpg,tshirt_226,tshirt,black
data/images/227.jpg,tshirt_227,tshirt,white
data/images/228.jpg,tshirt_228,tshirt,white
data/images/229.jpg,tshirt_229,tshirt,white
data/images/230.jpg,tshirt_230,tshirt,green
data/images/231.jpg,tshirt_231,tshirt,black
data/images/232.jpg,tshirt_232,tshirt,white
data/images/233.jpg,tshirt_233,tshirt,green
data/images/234.jpg,tshirt_234,tshirt,green
data/images/235.jpg,tshirt_235,tshirt,white
data/images/236.jpg,tshirt_236,tshirt,green
data/images/237.jpg,tshirt_237,tshirt,red
data/images/238.jpg,tshirt_238,tshirt,black
data/images/239.jpg,tshirt_239,tshirt,green
data/images/240.jpg,tshirt_240,tshirt,green
data/images/241.jpg,tshirt_241,tshirt,red
data/images/242.jpg,tshirt_242,tshirt,black
data/images/243.jpg,tshirt_243,tshirt,red
data/images/244.jpg,tshirt_244,tshirt,blue
data/images/245.jpg,tshirt_245,tshirt,blue
data/images/246.jpg,tshirt_246,tshirt,red
data/images/247.jpg,tshirt_247,tshirt,white
data/images/248.jpg,tshirt_248,tshirt,green
data/images/249.jpg,tshirt_249,tshirt,green
data/images/250.jpg,tshirt_250,tshirt,black
data/images/251.jpg,tshirt_251,tshirt,red
data/images/252.jpg,tshirt_252,tshirt,white
data/images/253.jpg,tshirt_253,tshirt,red
data/images/254.jpg,tshirt_254,tshirt,white
data/images/255.jpg,tshirt_255,tshirt,black
data/images/256.jpg,tshirt_256,tshirt,white
data/images/257.jpg,tshirt_257,tshirt,green
data/images/258.jpg,tshirt_258,tshirt,red
data/images/259.jpg,tshirt_259,tshirt,green
data/images/260.jpg,tshirt_260,tshirt,black
data/images/261.jpg,tshirt_261,tshirt,red
data/images/262.jpg,tshirt_262,tshirt,white
data/images/263.jpg,tshirt_263,tshirt,green
data/images/264.jpg,tshirt_264,tshirt,white
data/images/265.jpg,tshirt_265,tshirt,white
data/images/266.jpg,tshirt_266,tshirt,red
data/images/267.jpg,tshirt_267,tshirt,blue
data/images/268.jpg,tshirt_268,tshirt,blue
data/images/269.jpg,tshirt_269,tshirt,white
data/images/270.jpg,tshirt_270,tshirt,blue
data/images/271.jpg,tshirt_271,tshirt,black
data/images/272.jpg,tshirt_272,tshirt,white
data/images/273.jpg,tshirt_273,tshirt,black
data/images/274.jpg,tshirt_274,tshirt,white
data/images/275.jpg,tshirt_275,tshirt,black
data/images/276.jpg,tshirt_276,tshirt,blue
data/images/277.jpg,tshirt_277,tshirt,green
data/images/278.jpg,tshirt_278,tshirt,green
data/images/279.jpg,tshirt_279,tshirt,blue
data/images/280.jpg,tshirt_280,tshirt,green
data/images/281.jpg,tshirt_281,tshirt,blue
data/images/282.jpg,tshirt_282,tshirt,blue
data/images/283.jpg,tshirt_283,tshirt,white
data/images/284.jpg,tshirt_284,tshirt,blue
data/images/285.jpg,tshirt_285,tshirt,red
data/images/286.jpg,tshirt_286,tshirt,black
data/images/287.jpg,tshirt_287,tshirt,red
data/images/288.jpg,tshirt_288,tshirt,green
data/images/289.jpg,tshirt_289,tshirt,red
data/images/290.jpg,tshirt_290,tshirt,red
data/images/291.jpg,tshirt_291,tshirt,blue
data/images/292.jpg,tshirt_292,tshirt,black
data/images/293.jpg,tshirt_293,tshirt,red
data/images/294.jpg,tshirt_294,tshirt,green
data/images/295.jpg,tshirt_295,tshirt,black
data/images/296.jpg,tshirt_296,tshirt,red
data/images/297.jpg,tshirt_297,tshirt,green
data/images/298.jpg,tshirt_298,tshirt,black
data/images/299.jpg,tshirt_299,tshirt,blue
data/images/300.jpg,tshirt_300,tshirt,black
data/images/301.jpg,tshirt_301,tshirt,black
data/images/302.jpg,tshirt_302,tshirt,blue
data/images/303.jpg,tshirt_303,tshirt,green
data/images/304.jpg,tshirt_304,tshirt,blue
data/images/305.jpg,tshirt_305,tshirt,green
data/images/306.jpg,tshirt_306,tshirt,white
data/images/307.jpg,tshirt_307,tshirt,green
data/images/308.jpg,tshirt_308,tshirt,blue
data/images/309.jpg,tshirt_309,tshirt,red
data/images/310.jpg,tshirt_310,tshirt,red
data/images/311.jpg,tshirt_311,tshirt,black
data/images/312.jpg,tshirt_312,tshirt,red
data/images/313.jpg,tshirt_313,tshirt,white
data/images/314.jpg,tshirt_314,tshirt,white
data/images/315.jpg,tshirt_315,tshirt,blue
data/images/316.jpg,tshirt_316,tshirt,black
data/images/317.jpg,tshirt_317,tshirt,blue
data/images/318.jpg,tshirt_318,tshirt,blue
data/images/319.jpg,tshirt_319,tshirt,red
data/images/320.jpg,tshirt_320,tshirt,red
data/images/321.jpg,tshirt_321,tshirt,black
data/images/322.jpg,tshirt_322,tshirt,white
data/images/323.jpg,tshirt_323,tshirt,black
data/images/324.jpg,tshirt_324,tshirt,black
data/images/325.jpg,tshirt_325,tshirt,white
data/images/326.jpg,tshirt_326,tshirt,blue
data/images/327.jpg,tshirt_327,tshirt,black
data/images/328.jpg,tshirt_328,tshirt,red
data/images/329.jpg,tshirt_329,tshirt,white
data/images/330.jpg,tshirt_330,tshirt,red
data/images/331.jpg,tshirt_331,tshirt,blue
data/images/332.jpg,tshirt_332,tshirt,white
data/images/333.jpg,tshirt_333,tshirt,blue
data/images/334.jpg,tshirt_334,tshirt,white
data/images/335.jpg,tshirt_335,tshirt,green
data/images/336.jpg,tshirt_336,tshirt,blue
data/images/337.jpg,tshirt_337,tshirt,green
data/images/338.jpg,tshirt_338,tshirt,green
data/images/339.jpg,tshirt_339,tshirt,black
data/images/340.jpg,tshirt_340,tshirt,green
data/images/341.jpg,tshirt_341,tshirt,green
data/images/342.jpg,tshirt_342,tshirt,green
data/images/343.jpg,tshirt_343,tshirt,red
data/images/344.jpg,tshirt_344,tshirt,red
data/images/345.jpg,tshirt_345,tshirt,blue
data/images/346.jpg,tshirt_346,tshirt,white
data/images/347.jpg,tshirt_347,tshirt,green
data/images/348.jpg,tshirt_348,tshirt,black
data/images/349.jpg,tshirt_349,tshirt,green
data/images/350.jpg,tshirt_350,tshirt,red
data/images/351.jpg,tshirt_351,tshirt,red
data/images/352.jpg,tshirt_352,tshirt,red
data/images/353.jpg,tshirt_353,tshirt,black
data/images/354.jpg,tshirt_354,tshirt,white
data/images/355.jpg,tshirt_355,tshirt,white
data/images/356.jpg,tshirt_356,tshirt,white
data/images/357.jpg,tshirt_357,tshirt,white
data/images/358.jpg,tshirt_358,tshirt,red
data/images/359.jpg,tshirt_359,tshirt,black
data/images/360.jpg,tshirt_360,tshirt,white
data/images/361.jpg,tshirt_361,tshirt,red
data/images/362.jpg,tshirt_362,tshirt,green
data/images/363.jpg,tshirt_363,tshirt,black
data/images/364.jpg,tshirt_364,tshirt,white
data/images/365.jpg,tshirt_365,tshirt,red
data/images/366.jpg,tshirt_366,tshirt,white
data/images/367.jpg,tshirt_367,tshirt,blue
data/images/368.jpg,tshirt_368,tshirt,blue
data/images/369.jpg,tshirt_369,tshirt,red
data/images/370.jpg,tshirt_370,tshirt,black
data/images/371.jpg,tshirt_371,tshirt,red
data/images/372.jpg,tshirt_372,tshirt,white
data/images/373.jpg,tshirt_373,tshirt,black
data/images/374.jpg,tshirt_374,tshirt,black
data/images/375.jpg,tshirt_375,tshirt,black
data/images/376.jpg,tshirt_376,tshirt,white
data/images/377.jpg,tshirt_377,tshirt,red
data/images/378.jpg,tshirt_378,tshirt,black
data/images/379.jpg,tshirt_379,tshirt,blue
data/images/380.jpg,tshirt_380,tshirt,black
data/images/381.jpg,tshirt_381,tshirt,white
data/images/382.jpg,tshirt_382,tshirt,green
data/images/383.jpg,tshirt_383,tshirt,black
data/images/384.jpg,tshirt_384,tshirt,red
data/images/385.jpg,tshirt_385,tshirt,white
data/images/386.jpg,tshirt_386,tshirt,green
data/images/387.jpg,tshirt_387,tshirt,blue
data/images/388.jpg,tshirt_388,tshirt,white
data/images/389.jpg,tshirt_389,tshirt,red
data/images/390.jpg,tshirt_390,tshirt,red
data/images/391.jpg,tshirt_391,tshirt,red
data/images/392.jpg,tshirt_392,tshirt,white
data/images/393.jpg,tshirt_393,tshirt,green
data/images/394.jpg,tshirt_394,tshirt,white
data/images/395.jpg,tshirt_395,tshirt,green
data/images/396.jpg,tshirt_396,tshirt,blue
data/images/397.jpg,tshirt_397,tshirt,white
data/images/398.jpg,tshirt_398,tshirt,blue
data/images/399.jpg,tshirt_399,tshirt,black
data/images/400.jpg,tshirt_400,tshirt,green
data/images/401.jpg,tshirt_401,tshirt,white
data/images/402.jpg,tshirt_402,tshirt,green
data/images/403.jpg,tshirt_403,tshirt,black
data/images/404.jpg,tshirt_404,tshirt,white
data/images/405.jpg,tshirt_405,tshirt,white
data/images/406.jpg,tshirt_406,tshirt,green
data/images/407.jpg,tshirt_407,tshirt,white
data/images/408.jpg,tshirt_408,tshirt,white
data/images/409.jpg,tshirt_409,tshirt,green
data/images/410.jpg,tshirt_410,tshirt,red
data/images/411.jpg,tshirt_411,tshirt,black
data/images/412.jpg,tshirt_412,tshirt,red
data/images/413.jpg,tshirt_413,tshirt,green
data/images/414.jpg,tshirt_414,tshirt,green
data/images/415.jpg,tshirt_415,tshirt,black
data/images/416.jpg,tshirt_416,tshirt,blue
data/images/417.jpg,tshirt_417,tshirt,white
data/images/418.jpg,tshirt_418,tshirt,red
data/images/419.jpg,tshirt_419,tshirt,blue
data/images/420.jpg,tshirt_420,tshirt,green
data/images/421.jpg,tshirt_421,tshirt,blue
data/images/422.jpg,tshirt_422,tshirt,black
data/images/423.jpg,tshirt_423,tshirt,black
data/images/424.jpg,tshirt_424,tshirt,white
data/images/425.jpg,tshirt_425,tshirt,red
data/images/426.jpg,tshirt_426,tshirt,white
data/images/427.jpg,tshirt_427,tshirt,red
data/images/428.jpg,tshirt_428,tshirt,black
data/images/429.jpg,tshirt_429,tshirt,green
data/images/430.jpg,tshirt_430,tshirt,blue
data/images/431.jpg,tshirt_431,tshirt,red
data/images/432.jpg,tshirt_432,tshirt,white
data/images/433.jpg,tshirt_433,tshirt,blue
data/images/434.jpg,tshirt_434,tshirt,red
data/images/435.jpg,tshirt_435,tshirt,black
data/images/436.jpg,tshirt_436,tshirt,black
data/images/437.jpg,tshirt_437,tshirt,black
data/images/438.jpg,tshirt_438,tshirt,blue
data/images/439.jpg,tshirt_439,tshirt,red
data/images/440.jpg,tshirt_440,tshirt,black
data/images/441.jpg,tshirt_441,tshirt,red
data/images/442.jpg,tshirt_442,tshirt,green
data/images/443.jpg,tshirt_443,tshirt,black
data/images/444.jpg,tshirt_444,tshirt,green
data/images/445.jpg,tshirt_445,tshirt,white
data/images/446.jpg,tshirt_446,tshirt,white
data/images/447.jpg,tshirt_447,tshirt,red
data/images/448.jpg,tshirt_448,tshirt,white
data/images/449.jpg,tshirt_449,tshirt,red
data/images/450.jpg,tshirt_450,tshirt,red
data/images/451.jpg,tshirt_451,tshirt,blue
data/images/452.jpg,tshirt_452,tshirt,green
data/images/453.jpg,tshirt_453,tshirt,red
data/images/454.jpg,tshirt_454,tshirt,white
data/images/455.jpg,tshirt_455,tshirt,white
data/images/456.jpg,tshirt_456,tshirt,green
data/images/457.jpg,tshirt_457,tshirt,blue
data/images/458.jpg,tshirt_458,tshirt,red
data/images/459.jpg,tshirt_459,tshirt,white
data/images/460.jpg,tshirt_460,tshirt,blue
data/images/461.jpg,tshirt_461,tshirt,black
data/images/462.jpg,tshirt_462,tshirt,red
data/images/463.jpg,tshirt_463,tshirt,white
data/images/464.jpg,tshirt_464,tshirt,red
data/images/465.jpg,tshirt_465,tshirt,blue
data/images/466.jpg,tshirt_466,tshirt,red
data/images/467.jpg,tshirt_467,tshirt,red
data/images/468.jpg,tshirt_468,tshirt,green
data/images/469.jpg,tshirt_469,tshirt,blue
data/images/470.jpg,tshirt_470,tshirt,blue
data/images/471.jpg,tshirt_471,tshirt,red
data/images/472.jpg,tshirt_472,tshirt,red
data/images/473.jpg,tshirt_473,tshirt,blue
data/images/474.jpg,tshirt_474,tshirt,green
data/images/475.jpg,tshirt_475,tshirt,black
data/images/476.jpg,tshirt_476,tshirt,blue
data/images/477.jpg,tshirt_477,tshirt,blue
data/images/478.jpg,tshirt_478,tshirt,blue
data/images/479.jpg,tshirt_479,tshirt,blue
data/images/480.jpg,tshirt_480,tshirt,blue
data/images/481.jpg,tshirt_481,tshirt,black
data/images/482.jpg,tshirt_482,tshirt,red
data/images/483.jpg,tshirt_483,tshirt,white
data/images/484.jpg,tshirt_484,tshirt,green
data/images/485.jpg,tshirt_485,tshirt,white
data/images/486.jpg,tshirt_486,tshirt,black
data/images/487.jpg,tshirt_487,tshirt,blue
data/images/488.jpg,tshirt_488,tshirt,red
data/images/489.jpg,tshirt_489,tshirt,green
data/images/490.jpg,tshirt_490,tshirt,white
data/images/491.jpg,tshirt_491,tshirt,green
data/images/492.jpg,tshirt_492,tshirt,green
data/images/493.jpg,tshirt_493,tshirt,white
data/images/494.jpg,tshirt_494,tshirt,blue
data/images/495.jpg,tshirt_495,tshirt,red
data/images/496.jpg,tshirt_496,tshirt,green
data/images/497.jpg,tshirt_497,tshirt,red
data/images/498.jpg,tshirt_498,tshirt,white
data/images/499.jpg,tshirt_499,tshirt,blue
data/images/500.jpg,tshirt_500,tshirt,green
data/images/501.jpg,tshirt_501,tshirt,green
data/images/502.jpg,tshirt_502,tshirt,red
data/images/503.jpg,tshirt_503,tshirt,white
data/images/504.jpg,tshirt_504,tshirt,black
data/images/505.jpg,tshirt_505,tshirt,white
data/images/506.jpg,tshirt_506,tshirt,white
data/images/507.jpg,tshirt_507,tshirt,white
data/images/508.jpg,tshirt_508,tshirt,white
data/images/509.jpg,tshirt_509,tshirt,red
data/images/510.jpg,tshirt_510,tshirt,green
data/images/511.jpg,tshirt_511,tshirt,green
data/images/512.jpg,tshirt_512,tshirt,blue
data/images/513.jpg,tshirt_513,tshirt,red
data/images/514.jpg,tshirt_514,tshirt,red
data/images/515.jpg,tshirt_515,tshirt,white
data/images/516.jpg,tshirt_516,tshirt,green
data/images/517.jpg,tshirt_517,tshirt,black
data/images/518.jpg,tshirt_518,tshirt,blue
data/images/519.jpg,tshirt_519,tshirt,blue
data/images/520.jpg,tshirt_520,tshirt,black
data/images/521.jpg,tshirt_521,tshirt,red
data/images/522.jpg,tshirt_522,tshirt,blue
data/images/523.jpg,tshirt_523,tshirt,green
data/images/524.jpg,tshirt_524,tshirt,red
data/images/525.jpg,tshirt_525,tshirt,red
data/images/526.jpg,tshirt_526,tshirt,red
data/images/527.jpg,tshirt_527,tshirt,green
data/images/528.jpg,tshirt_528,tshirt,red
data/images/529.jpg,tshirt_529,tshirt,red
data/images/530.jpg,tshirt_530,tshirt,green
data/images/531.jpg,tshirt_531,tshirt,red
data/images/532.jpg,tshirt_532,tshirt,blue
data/images/533.jpg,tshirt_533,tshirt,green
data/images/534.jpg,tshirt_534,tshirt,red
data/images/535.jpg,tshirt_535,tshirt,black
data/images/536.jpg,tshirt_536,tshirt,green
data/images/537.jpg,tshirt_537,tshirt,blue
data/images/538.jpg,tshirt_538,tshirt,black
data/images/539.jpg,tshirt_539,tshirt,white
data/images/540.jpg,tshirt_540,tshirt,green
data/images/541.jpg,tshirt_541,tshirt,green
data/images/542.jpg,tshirt_542,tshirt,blue
data/images/543.jpg,tshirt_543,tshirt,green
data/images/544.jpg,tshirt_544,tshirt,black
data/images/545.jpg,tshirt_545,tshirt,white
data/images/546.jpg,tshirt_546,tshirt,blue
data/images/547.jpg,tshirt_547,tshirt,blue
data/images/548.jpg,tshirt_548,tshirt,blue
data/images/549.jpg,tshirt_549,tshirt,blue
data/images/550.jpg,tshirt_550,tshirt,white
data/images/551.jpg,tshirt_551,tshirt,black
data/images/552.jpg,tshirt_552,tshirt,red
data/images/553.jpg,tshirt_553,tshirt,red
data/images/554.jpg,tshirt_554,tshirt,red
data/images/555.jpg,tshirt_555,tshirt,red
data/images/556.jpg,tshirt_556,tshirt,green
data/images/557.jpg,tshirt_557,tshirt,blue
data/images/558.jpg,tshirt_558,tshirt,black
data/images/559.jpg,tshirt_559,tshirt,green
data/images/560.jpg,tshirt_560,tshirt,red
data/images/561.jpg,tshirt_561,tshirt,green
data/images/562.jpg,tshirt_562,tshirt,black
data/images/563.jpg,tshirt_563,tshirt,blue
data/images/564.jpg,tshirt_564,tshirt,blue
data/images/565.jpg,tshirt_565,tshirt,red
data/images/566.jpg,tshirt_566,tshirt,black
data/images/567.jpg,tshirt_567,tshirt,black
data/images/568.jpg,tshirt_568,tshirt,red
data/images/569.jpg,tshirt_569,tshirt,blue
data/images/570.jpg,tshirt_570,tshirt,white
data/images/571.jpg,tshirt_571,tshirt,black
data/images/572.jpg,tshirt_572,tshirt,blue
data/images/573.jpg,tshirt_573,tshirt,red
data/images/574.jpg,tshirt_574,tshirt,blue
data/images/575.jpg,tshirt_575,tshirt,black
data/images/576.jpg,tshirt_576,tshirt,green
data/images/577.jpg,tshirt_577,tshirt,red
data/images/578.jpg,tshirt_578,tshirt,blue
data/images/579.jpg,tshirt_579,tshirt,green
data/images/580.jpg,tshirt_580,tshirt,blue
data/images/581.jpg,tshirt_581,tshirt,black
data/images/582.jpg,tshirt_582,tshirt,red
data/images/583.jpg,tshirt_583,tshirt,red
data/images/584.jpg,tshirt_584,tshirt,blue
data/images/585.jpg,tshirt_585,tshirt,green
data/images/586.jpg,tshirt_586,tshirt,red
data/images/587.jpg,tshirt_587,tshirt,white
data/images/588.jpg,tshirt_588,tshirt,green
data/images/589.jpg,tshirt_589,tshirt,black
data/images/590.jpg,tshirt_590,tshirt,blue
data/images/591.jpg,tshirt_591,tshirt,blue
data/images/592.jpg,tshirt_592,tshirt,green
data/images/593.jpg,tshirt_593,tshirt,green
data/images/594.jpg,tshirt_594,tshirt,green
data/images/595.jpg,tshirt_595,tshirt,black
data/images/596.jpg,tshirt_596,tshirt,blue
data/images/597.jpg,tshirt_597,tshirt,white
data/images/598.jpg,tshirt_598,tshirt,green
data/images/599.jpg,tshirt_599,tshirt,green
data/images/600.jpg,tshirt_600,tshirt,blue
data/images/601.jpg,tshirt_601,tshirt,white
data/images/602.jpg,tshirt_602,tshirt,red
data/images/603.jpg,tshirt_603,tshirt,green
data/images/604.jpg,tshirt_604,tshirt,red
data/images/605.jpg,tshirt_605,tshirt,black
data/images/606.jpg,tshirt_606,tshirt,blue
data/images/607.jpg,tshirt_607,tshirt,black
data/images/608.jpg,tshirt_608,tshirt,white
data/images/609.jpg,tshirt_609,tshirt,black
data/images/610.jpg,tshirt_610,tshirt,green
data/images/611.jpg,tshirt_611,tshirt,white
data/images/612.jpg,tshirt_612,tshirt,green
data/images/613.jpg,tshirt_613,tshirt,white
data/images/614.jpg,tshirt_614,tshirt,white
data/images/615.jpg,tshirt_615,tshirt,red
data/images/616.jpg,tshirt_616,tshirt,white
data/images/617.jpg,tshirt_617,tshirt,red
data/images/618.jpg,tshirt_618,tshirt,green
data/images/619.jpg,tshirt_619,tshirt,white
data/images/620.jpg,tshirt_620,tshirt,red
data/images/621.jpg,tshirt_621,tshirt,white
data/images/622.jpg,tshirt_622,tshirt,black
data/images/623.jpg,tshirt_623,tshirt,green
data/images/624.jpg,tshirt_624,tshirt,red
data/images/625.jpg,tshirt_625,tshirt,blue
data/images/626.jpg,tshirt_626,tshirt,red
data/images/627.jpg,tshirt_627,tshirt,blue
data/images/628.jpg,tshirt_628,tshirt,black
data/images/629.jpg,tshirt_629,tshirt,red
data/images/630.jpg,tshirt_630,tshirt,red
data/images/631.jpg,tshirt_631,tshirt,white
data/images/632.jpg,tshirt_632,tshirt,red
data/images/633.jpg,tshirt_633,tshirt,black
data/images/634.jpg,tshirt_634,tshirt,red
data/images/635.jpg,tshirt_635,tshirt,blue
data/images/636.jpg,tshirt_636,tshirt,black
data/images/637.jpg,tshirt_637,tshirt,white
data/images/638.jpg,tshirt_638,tshirt,red
data/images/639.jpg,tshirt_639,tshirt,green
data/images/640.jpg,tshirt_640,tshirt,blue
data/images/641.jpg,tshirt_641,tshirt,green
data/images/642.jpg,tshirt_642,tshirt,blue
data/images/643.jpg,tshirt_643,tshirt,red
data/images/644.jpg,tshirt_644,tshirt,green
data/images/645.jpg,tshirt_645,tshirt,blue
data/images/646.jpg,tshirt_646,tshirt,red
data/images/647.jpg,tshirt_647,tshirt,blue
data/images/648.jpg,tshirt_648,tshirt,black
data/images/649.jpg,tshirt_649,tshirt,black
data/images/650.jpg,tshirt_650,tshirt,blue
data/images/651.jpg,tshirt_651,tshirt,green
data/images/652.jpg,tshirt_652,tshirt,green
data/images/653.jpg,tshirt_653,tshirt,red
data/images/654.jpg,tshirt_654,tshirt,red
data/images/655.jpg,tshirt_655,tshirt,blue
data/images/656.jpg,tshirt_656,tshirt,green
data/images/657.jpg,tshirt_657,tshirt,black
data/images/658.jpg,tshirt_658,tshirt,red
data/images/659.jpg,tshirt_659,tshirt,white
data/images/660.jpg,tshirt_660,tshirt,green
data/images/661.jpg,tshirt_661,tshirt,white
data/images/662.jpg,tshirt_662,tshirt,black
data/images/663.jpg,tshirt_663,tshirt,red
data/images/664.jpg,tshirt_664,tshirt,red
data/images/665.jpg,tshirt_665,tshirt,white
data/images/666.jpg,tshirt_666,tshirt,red
data/images/667.jpg,tshirt_667,tshirt,blue
data/images/668.jpg,tshirt_668,tshirt,red
data/images/669.jpg,tshirt_669,tshirt,black
data/images/670.jpg,tshirt_670,tshirt,green
data/images/671.jpg,tshirt_671,tshirt,black
data/images/672.jpg,tshirt_672,tshirt,green
data/images/673.jpg,tshirt_673,tshirt,white
data/images/674.jpg,tshirt_674,tshirt,blue
data/images/675.jpg,tshirt_675,tshirt,blue
data/images/676.jpg,tshirt_676,tshirt,black
data/images/677.jpg,tshirt_677,tshirt,black
data/images/678.jpg,tshirt_678,tshirt,green
data/images/679.jpg,tshirt_679,tshirt,white
data/images/680.jpg,tshirt_680,tshirt,red
data/images/681.jpg,tshirt_681,tshirt,blue
data/images/682.jpg,tshirt_682,tshirt,black
data/images/683.jpg,tshirt_683,tshirt,green
data/images/684.jpg,tshirt_684,tshirt,blue
data/images/685.jpg,tshirt_685,tshirt,red
data/images/686.jpg,tshirt_686,tshirt,black
data/images/687.jpg,tshirt_687,tshirt,red
data/images/688.jpg,tshirt_688,tshirt,red
data/images/689.jpg,tshirt_689,tshirt,black
data/images/690.jpg,tshirt_690,tshirt,blue
data/images/691.jpg,tshirt_691,tshirt,green
data/images/692.jpg,tshirt_692,tshirt,black
data/images/693.jpg,tshirt_693,tshirt,red
data/images/694.jpg,tshirt_694,tshirt,black
data/images/695.jpg,tshirt_695,tshirt,green
data/images/696.jpg,tshirt_696,tshirt,green
data/images/697.jpg,tshirt_697,tshirt,red
data/images/698.jpg,tshirt_698,tshirt,blue
data/images/699.jpg,tshirt_699,tshirt,green
data/images/700.jpg,tshirt_700,tshirt,blue
data/images/701.jpg,tshirt_701,tshirt,green
data/images/702.jpg,tshirt_702,tshirt,black
data/images/703.jpg,tshirt_703,tshirt,black
data/images/704.jpg,tshirt_704,tshirt,green
data/images/705.jpg,tshirt_705,tshirt,green
data/images/706.jpg,tshirt_706,tshirt,blue
data/images/707.jpg,tshirt_707,tshirt,green
data/images/708.jpg,tshirt_708,tshirt,black
data/images/709.jpg,tshirt_709,tshirt,white
data/images/710.jpg,tshirt_710,tshirt,black
data/images/711.jpg,tshirt_711,tshirt,black
data/images/712.jpg,tshirt_712,tshirt,red
data/images/713.jpg,tshirt_713,tshirt,green
data/images/714.jpg,tshirt_714,tshirt,red
data/images/715.jpg,tshirt_715,tshirt,blue
data/images/716.jpg,tshirt_716,tshirt,blue
data/images/717.jpg,tshirt_717,tshirt,white
data/images/718.jpg,tshirt_718,tshirt,white
data/images/719.jpg,tshirt_719,tshirt,red
data/images/720.jpg,tshirt_720,tshirt,green
data/images/721.jpg,tshirt_721,tshirt,red
data/images/722.jpg,tshirt_722,tshirt,black
data/images/723.jpg,tshirt_723,tshirt,black
data/images/724.jpg,tshirt_724,tshirt,green
data/images/725.jpg,tshirt_725,tshirt,green
data/images/726.jpg,tshirt_726,tshirt,blue
data/images/727.jpg,tshirt_727,tshirt,red
data/images/728.jpg,tshirt_728,tshirt,red
data/images/729.jpg,tshirt_729,tshirt,black
data/images/730.jpg,tshirt_730,tshirt,green
data/images/731.jpg,tshirt_731,tshirt,black
data/images/732.jpg,tshirt_732,tshirt,black
data/images/733.jpg,tshirt_733,tshirt,white
data/images/734.jpg,tshirt_734,tshirt,green
data/images/735.jpg,tshirt_735,tshirt,black
data/images/736.jpg,tshirt_736,tshirt,blue
data/images/737.jpg,tshirt_737,tshirt,blue
data/images/738.jpg,tshirt_738,tshirt,white
data/images/739.jpg,tshirt_739,tshirt,blue
data/images/740.jpg,tshirt_740,tshirt,white
data/images/741.jpg,tshirt_741,tshirt,green
data/images/742.jpg,tshirt_742,tshirt,red
data/images/743.jpg,tshirt_743,tshirt,green
data/images/744.jpg,tshirt_744,tshirt,green
data/images/745.jpg,tshirt_745,tshirt,black
data/images/746.jpg,tshirt_746,tshirt,blue
data/images/747.jpg,tshirt_747,tshirt,red
data/images/748.jpg,tshirt_748,tshirt,green
data/images/749.jpg,tshirt_749,tshirt,white
data/images/750.jpg,tshirt_750,tshirt,black
data/images/751.jpg,tshirt_751,tshirt,green
data/images/752.jpg,tshirt_752,tshirt,blue
data/images/753.jpg,tshirt_753,tshirt,black
data/images/754.jpg,tshirt_754,tshirt,black
data/images/755.jpg,tshirt_755,tshirt,blue
data/images/756.jpg,tshirt_756,tshirt,white
data/images/757.jpg,tshirt_757,tshirt,white
data/images/758.jpg,tshirt_758,tshirt,black
data/images/759.jpg,tshirt_759,tshirt,red
data/images/760.jpg,tshirt_760,tshirt,white
data/images/761.jpg,tshirt_761,tshirt,green
data/images/762.jpg,tshirt_762,tshirt,white
data/images/763.jpg,tshirt_763,tshirt,black
data/images/764.jpg,tshirt_764,tshirt,white
data/images/765.jpg,tshirt_765,tshirt,red
data/images/766.jpg,tshirt_766,tshirt,green
data/images/767.jpg,tshirt_767,tshirt,black
data/images/768.jpg,tshirt_768,tshirt,green
data/images/769.jpg,tshirt_769,tshirt,green
data/images/770.jpg,tshirt_770,tshirt,blue
data/images/771.jpg,tshirt_771,tshirt,white
data/images/772.jpg,tshirt_772,tshirt,green
data/images/773.jpg,tshirt_773,tshirt,blue
data/images/774.jpg,tshirt_774,tshirt,white
data/images/775.jpg,tshirt_775,tshirt,green
data/images/776.jpg,tshirt_776,tshirt,black
data/images/777.jpg,tshirt_777,tshirt,green
data/images/778.jpg,tshirt_778,tshirt,green
data/images/779.jpg,tshirt_779,tshirt,white
data/images/780.jpg,tshirt_780,tshirt,white
data/images/781.jpg,tshirt_781,tshirt,black
data/images/782.jpg,tshirt_782,tshirt,blue
data/images/783.jpg,tshirt_783,tshirt,white
data/images/784.jpg,tshirt_784,tshirt,red
data/images/785.jpg,tshirt_785,tshirt,black
data/images/786.jpg,tshirt_786,tshirt,black
data/images/787.jpg,tshirt_787,tshirt,green
data/images/788.jpg,tshirt_788,tshirt,green
data/images/789.jpg,tshirt_789,tshirt,black
data/images/790.jpg,tshirt_790,tshirt,black
data/images/791.jpg,tshirt_791,tshirt,blue
data/images/792.jpg,tshirt_792,tshirt,blue
data/images/793.jpg,tshirt_793,tshirt,black
data/images/794.jpg,tshirt_794,tshirt,blue
data/images/795.jpg,tshirt_795,tshirt,black
data/images/796.jpg,tshirt_796,tshirt,black
data/images/797.jpg,tshirt_797,tshirt,blue
data/images/798.jpg,tshirt_798,tshirt,white
data/images/799.jpg,tshirt_799,tshirt,red
data/images/800.jpg,tshirt_800,tshirt,black
data/images/801.jpg,tshirt_801,tshirt,white
data/images/802.jpg,tshirt_802,tshirt,red
data/images/803.jpg,tshirt_803,tshirt,black
data/images/804.jpg,tshirt_804,tshirt,black
data/images/805.jpg,tshirt_805,tshirt,white
data/images/806.jpg,tshirt_806,tshirt,red
data/images/807.jpg,tshirt_807,tshirt,black
data/images/808.jpg,tshirt_808,tshirt,blue
data/images/809.jpg,tshirt_809,tshirt,red
data/images/810.jpg,tshirt_810,tshirt,white
data/images/811.jpg,tshirt_811,tshirt,blue
data/images/812.jpg,tshirt_812,tshirt,green
data/images/813.jpg,tshirt_813,tshirt,black
data/images/814.jpg,tshirt_814,tshirt,green
data/images/815.jpg,tshirt_815,tshirt,blue
data/images/816.jpg,tshirt_816,tshirt,black
data/images/817.jpg,tshirt_817,tshirt,white
data/images/818.jpg,tshirt_818,tshirt,blue
data/images/819.jpg,tshirt_819,tshirt,white
data/images/820.jpg,tshirt_820,tshirt,white
data/images/821.jpg,tshirt_821,tshirt,blue
data/images/822.jpg,tshirt_822,tshirt,black
data/images/823.jpg,tshirt_823,tshirt,green
data/images/824.jpg,tshirt_824,tshirt,blue
data/images/825.jpg,tshirt_825,tshirt,red
data/images/826.jpg,tshirt_826,tshirt,blue
data/images/827.jpg,tshirt_827,tshirt,blue
data/images/828.jpg,tshirt_828,tshirt,blue
data/images/829.jpg,tshirt_829,tshirt,white
data/images/830.jpg,tshirt_830,tshirt,green
data/images/831.jpg,tshirt_831,tshirt,black
data/images/832.jpg,tshirt_832,tshirt,white
data/images/833.jpg,tshirt_833,tshirt,green
data/images/834.jpg,tshirt_834,tshirt,green
data/images/835.jpg,tshirt_835,tshirt,green
data/images/836.jpg,tshirt_836,tshirt,black
data/images/837.jpg,tshirt_837,tshirt,black
data/images/838.jpg,tshirt_838,tshirt,blue
data/images/839.jpg,tshirt_839,tshirt,green
data/images/840.jpg,tshirt_840,tshirt,red
data/images/841.jpg,tshirt_841,tshirt,white
data/images/842.jpg,tshirt_842,tshirt,green
data/images/843.jpg,tshirt_843,tshirt,blue
data/images/844.jpg,tshirt_844,tshirt,white
data/images/845.jpg,tshirt_845,tshirt,blue
data/images/846.jpg,tshirt_846,tshirt,blue
data/images/847.jpg,tshirt_847,tshirt,white
data/images/848.jpg,tshirt_848,tshirt,black
data/images/849.jpg,tshirt_849,tshirt,green
data/images/850.jpg,tshirt_850,tshirt,green
data/images/851.jpg,tshirt_851,tshirt,white
data/images/852.jpg,tshirt_852,tshirt,white
data/images/853.jpg,tshirt_853,tshirt,blue
data/images/854.jpg,tshirt_854,tshirt,white
data/images/855.jpg,tshirt_855,tshirt,green
data/images/856.jpg,tshirt_856,tshirt,blue
data/images/857.jpg,tshirt_857,tshirt,white
data/images/858.jpg,tshirt_858,tshirt,red
data/images/859.jpg,tshirt_859,tshirt,black
data/images/860.jpg,tshirt_860,tshirt,black
data/images/861.jpg,tshirt_861,tshirt,blue
data/images/862.jpg,tshirt_862,tshirt,black
data/images/863.jpg,tshirt_863,tshirt,green
data/images/864.jpg,tshirt_864,tshirt,white
data/images/865.jpg,tshirt_865,tshirt,green
data/images/866.jpg,tshirt_866,tshirt,red
data/images/867.jpg,tshirt_867,tshirt,red
data/images/868.jpg,tshirt_868,tshirt,red
data/images/869.jpg,tshirt_869,tshirt,black
data/images/870.jpg,tshirt_870,tshirt,blue
data/images/871.jpg,tshirt_871,tshirt,black
data/images/872.jpg,tshirt_872,tshirt,red
data/images/873.jpg,tshirt_873,tshirt,green
data/images/874.jpg,tshirt_874,tshirt,white
data/images/875.jpg,tshirt_875,tshirt,black
data/images/876.jpg,tshirt_876,tshirt,green
data/images/877.jpg,tshirt_877,tshirt,blue
data/images/878.jpg,tshirt_878,tshirt,red
data/images/879.jpg,tshirt_879,tshirt,blue
data/images/880.jpg,tshirt_880,tshirt,blue
data/images/881.jpg,tshirt_881,tshirt,white
data/images/882.jpg,tshirt_882,tshirt,green
data/images/883.jpg,tshirt_883,tshirt,red
data/images/884.jpg,tshirt_884,tshirt,white
data/images/885.jpg,tshirt_885,tshirt,white
data/images/886.jpg,tshirt_886,tshirt,black
data/images/887.jpg,tshirt_887,tshirt,red
data/images/888.jpg,tshirt_888,tshirt,red
data/images/889.jpg,tshirt_889,tshirt,blue
data/images/890.jpg,tshirt_890,tshirt,white
data/images/891.jpg,tshirt_891,tshirt,blue
data/images/892.jpg,tshirt_892,tshirt,blue
data/images/893.jpg,tshirt_893,tshirt,green
data/images/894.jpg,tshirt_894,tshirt,blue
data/images/895.jpg,tshirt_895,tshirt,white
data/images/896.jpg,tshirt_896,tshirt,black
data/images/897.jpg,tshirt_897,tshirt,black
data/images/898.jpg,tshirt_898,tshirt,red
data/images/899.jpg,tshirt_899,tshirt,green
data/images/900.jpg,tshirt_900,tshirt,blue
data/images/901.jpg,tshirt_901,tshirt,black
data/images/902.jpg,tshirt_902,tshirt,green
data/images/903.jpg,tshirt_903,tshirt,black
data/images/904.jpg,tshirt_904,tshirt,black
data/images/905.jpg,tshirt_905,tshirt,red
data/images/906.jpg,tshirt_906,tshirt,black
data/images/907.jpg,tshirt_907,tshirt,black
data/images/908.jpg,tshirt_908,tshirt,green
data/images/909.jpg,tshirt_909,tshirt,blue
data/images/910.jpg,tshirt_910,tshirt,red
data/images/911.jpg,tshirt_911,tshirt,white
data/images/912.jpg,tshirt_912,tshirt,white
data/images/913.jpg,tshirt_913,tshirt,black
data/images/914.jpg,tshirt_914,tshirt,black
data/images/915.jpg,tshirt_915,tshirt,green
data/images/916.jpg,tshirt_916,tshirt,white
data/images/917.jpg,tshirt_917,tshirt,green
data/images/918.jpg,tshirt_918,tshirt,black
data/images/919.jpg,tshirt_919,tshirt,white
data/images/920.jpg,tshirt_920,tshirt,white
data/images/921.jpg,tshirt_921,tshirt,white
data/images/922.jpg,tshirt_922,tshirt,red
data/images/923.jpg,tshirt_923,tshirt,green
data/images/924.jpg,tshirt_924,tshirt,white
data/images/925.jpg,tshirt_925,tshirt,black
data/images/926.jpg,tshirt_926,tshirt,white
data/images/927.jpg,tshirt_927,tshirt,red
data/images/928.jpg,tshirt_928,tshirt,white
data/images/929.jpg,tshirt_929,tshirt,white
data/images/930.jpg,tshirt_930,tshirt,blue
data/images/931.jpg,tshirt_931,tshirt,green
data/images/932.jpg,tshirt_932,tshirt,white
data/images/933.jpg,tshirt_933,tshirt,red
data/images/934.jpg,tshirt_934,tshirt,green
data/images/935.jpg,tshirt_935,tshirt,white
data/images/936.jpg,tshirt_936,tshirt,blue
data/images/937.jpg,tshirt_937,tshirt,black
data/images/938.jpg,tshirt_938,tshirt,black
data/images/939.jpg,tshirt_939,tshirt,black
data/images/940.jpg,tshirt_940,tshirt,black
data/images/941.jpg,tshirt_941,tshirt,red
data/images/942.jpg,tshirt_942,tshirt,black
data/images/943.jpg,tshirt_943,tshirt,black
data/images/944.jpg,tshirt_944,tshirt,black
data/images/945.jpg,tshirt_945,tshirt,red
data/images/946.jpg,tshirt_946,tshirt,green
data/images/947.jpg,tshirt_947,tshirt,red
data/images/948.jpg,tshirt_948,tshirt,blue
data/images/949.jpg,tshirt_949,tshirt,blue
data/images/950.jpg,tshirt_950,tshirt,blue
data/images/951.jpg,tshirt_951,tshirt,black
data/images/952.jpg,tshirt_952,tshirt,green
data/images/953.jpg,tshirt_953,tshirt,red
data/images/954.jpg,tshirt_954,tshirt,red
data/images/955.jpg,tshirt_955,tshirt,blue
data/images/956.jpg,tshirt_956,tshirt,white
data/images/957.jpg,tshirt_957,tshirt,green
data/images/958.jpg,tshirt_958,tshirt,blue
data/images/959.jpg,tshirt_959,tshirt,green
data/images/960.jpg,tshirt_960,tshirt,green
data/images/961.jpg,tshirt_961,tshirt,white
data/images/962.jpg,tshirt_962,tshirt,blue
data/images/963.jpg,tshirt_963,tshirt,green
data/images/964.jpg,tshirt_964,tshirt,green
data/images/965.jpg,tshirt_965,tshirt,red
data/images/966.jpg,tshirt_966,tshirt,green
data/images/967.jpg,tshirt_967,tshirt,blue
data/images/968.jpg,tshirt_968,tshirt,red
data/images/969.jpg,tshirt_969,tshirt,red
data/images/970.jpg,tshirt_970,tshirt,black
data/images/971.jpg,tshirt_971,tshirt,white
data/images/972.jpg,tshirt_972,tshirt,black
data/images/973.jpg,tshirt_973,tshirt,green
data/images/974.jpg,tshirt_974,tshirt,red
data/images/975.jpg,tshirt_975,tshirt,green
data/images/976.jpg,tshirt_976,tshirt,black
data/images/977.jpg,tshirt_977,tshirt,blue
data/images/978.jpg,tshirt_978,tshirt,white
data/images/979.jpg,tshirt_979,tshirt,blue
data/images/980.jpg,tshirt_980,tshirt,green
data/images/981.jpg,tshirt_981,tshirt,green
data/images/982.jpg,tshirt_982,tshirt,white
data/images/983.jpg,tshirt_983,tshirt,green
data/images/984.jpg,tshirt_984,tshirt,white
data/images/985.jpg,tshirt_985,tshirt,green
data/images/986.jpg,tshirt_986,tshirt,black
data/images/987.jpg,tshirt_987,tshirt,green
data/images/988.jpg,tshirt_988,tshirt,red
data/images/989.jpg,tshirt_989,tshirt,white
data/images/990.jpg,tshirt_990,tshirt,blue
data/images/991.jpg,tshirt_991,tshirt,white
data/images/992.jpg,tshirt_992,tshirt,black
data/images/993.jpg,tshirt_993,tshirt,blue
data/images/994.jpg,tshirt_994,tshirt,white
data/images/995.jpg,tshirt_995,tshirt,white
data/images/996.jpg,tshirt_996,tshirt,green
data/images/997.jpg,tshirt_997,tshirt,white
data/images/998.jpg,tshirt_998,tshirt,blue
data/images/999.jpg,tshirt_999,tshirt,red
data/images/1000.jpg,tshirt_1000,tshirt,black
